example_id,question_id,competency_id,domain,score,answer,evidence_json,human_validated
H1-01-S0,H1-01,HC_AGENCY,취업,0,AI가 가장 좋은 회사를 골라주면 그 회사에 지원하겠습니다.,"{""goal_setting"": ""absent"", ""ai_role_setting"": ""absent"", ""human_final_decision"": ""absent""}",False
H1-01-S1,H1-01,HC_AGENCY,취업,1,AI 의견은 참고하되 마지막에는 제가 결정해야 합니다.,"{""goal_setting"": ""absent"", ""ai_role_setting"": ""partial"", ""human_final_decision"": ""clear""}",False
H1-01-S2,H1-01,HC_AGENCY,취업,2,AI에게 회사별 장단점을 비교하게 하고 최종 지원 여부는 제가 정하겠습니다.,"{""goal_setting"": ""partial"", ""ai_role_setting"": ""clear"", ""human_final_decision"": ""clear""}",False
H1-01-S3,H1-01,HC_AGENCY,취업,3,"제가 중요하게 보는 직무 적합성·지역·성장 가능성을 먼저 정하고, AI에는 그 기준으로 정보 조사와 비교를 맡긴 뒤 최종 지원 여부는 제가 결정하겠습니다.","{""goal_setting"": ""clear"", ""ai_role_setting"": ""clear"", ""human_final_decision"": ""clear""}",False
H1-02-S0,H1-02,HC_AGENCY,학업,0,AI가 주제와 방향을 정해주면 그대로 쓰겠습니다.,"{""goal_setting"": ""absent"", ""ai_role_setting"": ""absent"", ""human_final_decision"": ""absent""}",False
H1-02-S1,H1-02,HC_AGENCY,학업,1,AI가 추천한 주제를 그대로 따르지는 않고 제가 고르겠습니다.,"{""goal_setting"": ""absent"", ""ai_role_setting"": ""partial"", ""human_final_decision"": ""clear""}",False
H1-02-S2,H1-02,HC_AGENCY,학업,2,제가 관심 있는 분야를 알려주고 AI에게 여러 주제를 추천받은 뒤 제가 하나를 선택하겠습니다.,"{""goal_setting"": ""partial"", ""ai_role_setting"": ""clear"", ""human_final_decision"": ""clear""}",False
H1-02-S3,H1-02,HC_AGENCY,학업,3,"과제 요구사항과 제 관심사를 먼저 정리하고, AI에는 가능한 주제와 장단점 비교를 맡긴 뒤 과제 목적에 맞는 최종 주제와 방향은 제가 결정하겠습니다.","{""goal_setting"": ""clear"", ""ai_role_setting"": ""clear"", ""human_final_decision"": ""clear""}",False
H1-03-S0,H1-03,HC_AGENCY,일상,0,AI가 이사하라고 하면 이사하겠습니다.,"{""goal_setting"": ""absent"", ""ai_role_setting"": ""absent"", ""human_final_decision"": ""absent""}",False
H1-03-S1,H1-03,HC_AGENCY,일상,1,AI 조언은 참고하되 최종 결정은 제가 해야 합니다.,"{""goal_setting"": ""absent"", ""ai_role_setting"": ""partial"", ""human_final_decision"": ""clear""}",False
H1-03-S2,H1-03,HC_AGENCY,일상,2,AI에게 두 도시의 생활비와 장단점을 비교하게 하고 제가 최종 결정하겠습니다.,"{""goal_setting"": ""partial"", ""ai_role_setting"": ""clear"", ""human_final_decision"": ""clear""}",False
H1-03-S3,H1-03,HC_AGENCY,일상,3,"가족, 통근, 주거비, 커리어 등 제 우선순위를 먼저 정하고 AI에는 관련 정보 정리와 시나리오 비교를 맡긴 뒤 최종 결정은 직접 내리겠습니다.","{""goal_setting"": ""clear"", ""ai_role_setting"": ""clear"", ""human_final_decision"": ""clear""}",False
H2-01-S0,H2-01,HC_RESPONSIBILITY,학업,0,AI가 구체적인 수치를 말했으니 그대로 보고서에 쓰겠습니다.,"{""verification_awareness"": ""absent"", ""evidence_checking"": ""absent"", ""human_accountability"": ""absent""}",False
H2-01-S1,H2-01,HC_RESPONSIBILITY,학업,1,AI도 틀릴 수 있으니 한 번 확인해보겠습니다.,"{""verification_awareness"": ""clear"", ""evidence_checking"": ""partial"", ""human_accountability"": ""absent""}",False
H2-01-S2,H2-01,HC_RESPONSIBILITY,학업,2,통계청 같은 공식 자료에서 실제 수치와 연도를 확인한 뒤 쓰겠습니다.,"{""verification_awareness"": ""clear"", ""evidence_checking"": ""clear"", ""human_accountability"": ""partial""}",False
H2-01-S3,H2-01,HC_RESPONSIBILITY,학업,3,"통계청 원자료에서 수치·연도·조사 기준을 확인하고 다른 신뢰 가능한 자료와도 비교한 뒤, 확인된 정보만 제가 판단해 보고서에 쓰겠습니다.","{""verification_awareness"": ""clear"", ""evidence_checking"": ""clear"", ""human_accountability"": ""clear""}",False
H2-02-S0,H2-02,HC_RESPONSIBILITY,생활정보,0,AI가 추천한 복용량대로 바로 먹겠습니다.,"{""verification_awareness"": ""absent"", ""evidence_checking"": ""absent"", ""human_accountability"": ""absent""}",False
H2-02-S1,H2-02,HC_RESPONSIBILITY,생활정보,1,AI가 틀릴 수도 있으니 조심해야 합니다.,"{""verification_awareness"": ""clear"", ""evidence_checking"": ""absent"", ""human_accountability"": ""partial""}",False
H2-02-S2,H2-02,HC_RESPONSIBILITY,생활정보,2,공식 제품 정보와 신뢰할 수 있는 의료 자료를 확인하고 필요하면 전문가에게 물어보겠습니다.,"{""verification_awareness"": ""clear"", ""evidence_checking"": ""clear"", ""human_accountability"": ""partial""}",False
H2-02-S3,H2-02,HC_RESPONSIBILITY,생활정보,3,"AI 추천은 참고만 하고 공식 정보와 신뢰 가능한 의료 자료를 확인한 뒤, 제 상황에 위험이 있으면 전문가와 상담하고 최종 복용 여부는 제가 결정하겠습니다.","{""verification_awareness"": ""clear"", ""evidence_checking"": ""clear"", ""human_accountability"": ""clear""}",False
H2-03-S0,H2-03,HC_RESPONSIBILITY,업무,0,시간이 없으니 AI가 만든 표를 그대로 발표하겠습니다.,"{""verification_awareness"": ""absent"", ""evidence_checking"": ""absent"", ""human_accountability"": ""absent""}",False
H2-03-S1,H2-03,HC_RESPONSIBILITY,업무,1,틀린 내용이 있을 수 있으니 중요한 부분은 확인하겠습니다.,"{""verification_awareness"": ""clear"", ""evidence_checking"": ""partial"", ""human_accountability"": ""absent""}",False
H2-03-S2,H2-03,HC_RESPONSIBILITY,업무,2,매출과 시장점유율은 회사 공시나 원출처에서 확인한 뒤 발표하겠습니다.,"{""verification_awareness"": ""clear"", ""evidence_checking"": ""clear"", ""human_accountability"": ""partial""}",False
H2-03-S3,H2-03,HC_RESPONSIBILITY,업무,3,"핵심 수치는 공시와 원출처에서 확인하고 확인되지 않은 값은 제외하거나 불확실하다고 표시한 뒤, 최종 발표 내용은 제가 책임지고 결정하겠습니다.","{""verification_awareness"": ""clear"", ""evidence_checking"": ""clear"", ""human_accountability"": ""clear""}",False
E1-01-S0,E1-01,ETH_PERSPECTIVE,채용,0,과거 합격 데이터를 썼으니 사람보다 객관적일 것 같습니다.,"{""rights_awareness"": ""absent"", ""bias_awareness"": ""absent"", ""inclusion_impact"": ""absent""}",False
E1-01-S1,E1-01,ETH_PERSPECTIVE,채용,1,AI 채용이 공정하지 않을 수도 있습니다.,"{""rights_awareness"": ""partial"", ""bias_awareness"": ""partial"", ""inclusion_impact"": ""absent""}",False
E1-01-S2,E1-01,ETH_PERSPECTIVE,채용,2,과거 데이터에 성별이나 학벌 편향이 있으면 AI가 그 패턴을 반복해 특정 지원자를 불리하게 만들 수 있습니다.,"{""rights_awareness"": ""clear"", ""bias_awareness"": ""clear"", ""inclusion_impact"": ""partial""}",False
E1-01-S3,E1-01,ETH_PERSPECTIVE,채용,3,과거 채용의 성별·학벌·경력단절 편향이 학습되면 특정 집단의 기회가 체계적으로 줄 수 있으므로 집단별 오류와 불이익을 점검하고 인간 검토 절차를 함께 둬야 합니다.,"{""rights_awareness"": ""clear"", ""bias_awareness"": ""clear"", ""inclusion_impact"": ""clear""}",False
E1-02-S0,E1-02,ETH_PERSPECTIVE,광고,0,AI가 만든 이미지니까 문제없습니다.,"{""rights_awareness"": ""absent"", ""bias_awareness"": ""absent"", ""inclusion_impact"": ""absent""}",False
E1-02-S1,E1-02,ETH_PERSPECTIVE,광고,1,비슷한 사람만 나오면 다양성이 부족해 보일 수 있습니다.,"{""rights_awareness"": ""partial"", ""bias_awareness"": ""partial"", ""inclusion_impact"": ""partial""}",False
E1-02-S2,E1-02,ETH_PERSPECTIVE,광고,2,특정 성별이나 연령만 반복하면 성공한 리더에 대한 고정관념을 강화하고 다른 집단을 배제할 수 있습니다.,"{""rights_awareness"": ""clear"", ""bias_awareness"": ""clear"", ""inclusion_impact"": ""partial""}",False
E1-02-S3,E1-02,ETH_PERSPECTIVE,광고,3,특정 성별·연령·외모만 반복되면 기존 고정관념과 대표성 문제를 강화할 수 있으므로 다양한 배경의 인물이 공정하게 표현되는지 확인하고 생성 조건과 결과를 수정해야 합니다.,"{""rights_awareness"": ""clear"", ""bias_awareness"": ""clear"", ""inclusion_impact"": ""clear""}",False
E1-03-S0,E1-03,ETH_PERSPECTIVE,교육,0,AI가 의심 행동을 잡아주면 더 정확하니 문제없습니다.,"{""rights_awareness"": ""absent"", ""bias_awareness"": ""absent"", ""inclusion_impact"": ""absent""}",False
E1-03-S1,E1-03,ETH_PERSPECTIVE,교육,1,AI가 잘못 의심할 수도 있으니 공정하게 써야 합니다.,"{""rights_awareness"": ""partial"", ""bias_awareness"": ""partial"", ""inclusion_impact"": ""absent""}",False
E1-03-S2,E1-03,ETH_PERSPECTIVE,교육,2,"장애나 틱, 시선 처리 방식, 인터넷 환경 때문에 정상 행동도 의심으로 표시돼 일부 학생이 불리할 수 있습니다.","{""rights_awareness"": ""clear"", ""bias_awareness"": ""clear"", ""inclusion_impact"": ""partial""}",False
E1-03-S3,E1-03,ETH_PERSPECTIVE,교육,3,장애·신경다양성·카메라 환경 때문에 정상 행동이 의심으로 표시될 수 있고 자동 제재는 교육권과 공정성을 침해할 수 있으므로 오류를 점검하고 학생이 설명·이의제기할 인간 검토 절차가 필요합니다.,"{""rights_awareness"": ""clear"", ""bias_awareness"": ""clear"", ""inclusion_impact"": ""clear""}",False
E2-01-S0,E2-01,ETH_SAFE_USE,업무,0,고객 데이터를 전체 그대로 AI에 넣겠습니다.,"{""risk_detection"": ""absent"", ""protective_action"": ""absent"", ""rights_license_check"": ""absent""}",False
E2-01-S1,E2-01,ETH_SAFE_USE,업무,1,개인정보가 있으니 조심해야 합니다.,"{""risk_detection"": ""clear"", ""protective_action"": ""partial"", ""rights_license_check"": ""absent""}",False
E2-01-S2,E2-01,ETH_SAFE_USE,업무,2,"이름, 전화번호, 이메일을 지우고 필요한 문의 내용만 입력하겠습니다.","{""risk_detection"": ""clear"", ""protective_action"": ""clear"", ""rights_license_check"": ""partial""}",False
E2-01-S3,E2-01,ETH_SAFE_USE,업무,3,식별정보를 제거하고 필요한 내용만 최소 입력하며 외부 AI 사용이 회사 정책과 서비스 약관상 허용되는지 확인한 뒤 승인된 방식으로 사용하겠습니다.,"{""risk_detection"": ""clear"", ""protective_action"": ""clear"", ""rights_license_check"": ""clear""}",False
E2-02-S0,E2-02,ETH_SAFE_USE,업무,0,회의록 정리가 급하니 녹취록 전체를 외부 AI에 올리겠습니다.,"{""risk_detection"": ""absent"", ""protective_action"": ""absent"", ""rights_license_check"": ""absent""}",False
E2-02-S1,E2-02,ETH_SAFE_USE,업무,1,회사 정보가 있으니 외부 AI 사용은 조심해야 합니다.,"{""risk_detection"": ""clear"", ""protective_action"": ""partial"", ""rights_license_check"": ""absent""}",False
E2-02-S2,E2-02,ETH_SAFE_USE,업무,2,직원 이름과 미공개 사업 내용을 제거하고 필요한 부분만 사용하겠습니다.,"{""risk_detection"": ""clear"", ""protective_action"": ""clear"", ""rights_license_check"": ""partial""}",False
E2-02-S3,E2-02,ETH_SAFE_USE,업무,3,기밀·개인정보를 그대로 업로드하지 않고 회사 보안정책과 외부 AI 사용 허용 여부를 먼저 확인한 뒤 식별정보와 기밀을 제거한 최소 자료만 사용하겠습니다.,"{""risk_detection"": ""clear"", ""protective_action"": ""clear"", ""rights_license_check"": ""clear""}",False
E2-03-S0,E2-03,ETH_SAFE_USE,콘텐츠,0,AI가 만든 것이니 바로 광고에 써도 됩니다.,"{""risk_detection"": ""absent"", ""protective_action"": ""absent"", ""rights_license_check"": ""absent""}",False
E2-03-S1,E2-03,ETH_SAFE_USE,콘텐츠,1,AI 이미지도 저작권 문제가 있을 수 있으니 조심해야 합니다.,"{""risk_detection"": ""partial"", ""protective_action"": ""partial"", ""rights_license_check"": ""partial""}",False
E2-03-S2,E2-03,ETH_SAFE_USE,콘텐츠,2,AI 서비스의 상업 이용 조건과 특정 작가·브랜드를 모방한 요소가 있는지 확인하겠습니다.,"{""risk_detection"": ""clear"", ""protective_action"": ""clear"", ""rights_license_check"": ""clear""}",False
E2-03-S3,E2-03,ETH_SAFE_USE,콘텐츠,3,"서비스 라이선스와 상업 이용 조건, 입력자료·출력물의 저작권·상표·인물 권리를 확인하고 문제가 의심되는 요소는 수정하거나 제외한 뒤 회사 내부 기준도 확인하겠습니다.","{""risk_detection"": ""clear"", ""protective_action"": ""clear"", ""rights_license_check"": ""clear""}",False
T1-01-S0,T1-01,TECH_FOUNDATION,정보검색,0,책 제목과 저자까지 있으니 사실이라고 믿어도 됩니다.,"{""capability_awareness"": ""absent"", ""error_awareness"": ""absent"", ""system_limit_awareness"": ""absent""}",False
T1-01-S1,T1-01,TECH_FOUNDATION,정보검색,1,AI도 가끔 틀릴 수 있으니 완전히 믿으면 안 됩니다.,"{""capability_awareness"": ""partial"", ""error_awareness"": ""clear"", ""system_limit_awareness"": ""absent""}",False
T1-01-S2,T1-01,TECH_FOUNDATION,정보검색,2,AI가 존재하지 않는 출처를 그럴듯하게 만들 수 있으니 실제 자료에서 확인해야 합니다.,"{""capability_awareness"": ""clear"", ""error_awareness"": ""clear"", ""system_limit_awareness"": ""partial""}",False
T1-01-S3,T1-01,TECH_FOUNDATION,정보검색,3,AI는 자연스러운 문장 생성에는 강하지만 유창함이 사실성을 보장하지 않고 가짜 책·저자·인용도 만들 수 있으므로 원자료와 사용 중인 AI의 검색·출처 기능을 확인해야 합니다.,"{""capability_awareness"": ""clear"", ""error_awareness"": ""clear"", ""system_limit_awareness"": ""clear""}",False
T1-02-S0,T1-02,TECH_FOUNDATION,최신정보,0,최신 AI라면 오늘 정책도 항상 알고 있습니다.,"{""capability_awareness"": ""absent"", ""error_awareness"": ""absent"", ""system_limit_awareness"": ""absent""}",False
T1-02-S1,T1-02,TECH_FOUNDATION,최신정보,1,가끔 최신 정보가 아닐 수도 있습니다.,"{""capability_awareness"": ""partial"", ""error_awareness"": ""partial"", ""system_limit_awareness"": ""partial""}",False
T1-02-S2,T1-02,TECH_FOUNDATION,최신정보,2,AI마다 웹 검색이나 최신 데이터 접근 기능이 달라 오늘 정책은 공식 발표 자료에서 다시 확인해야 합니다.,"{""capability_awareness"": ""clear"", ""error_awareness"": ""clear"", ""system_limit_awareness"": ""clear""}",False
T1-02-S3,T1-02,TECH_FOUNDATION,최신정보,3,모델의 학습 시점과 실시간 검색 기능은 별개이므로 서비스가 실제 웹 검색을 사용하는지와 출처를 확인하고 시점이 중요한 정책은 공식 발표 원문을 기준으로 판단해야 합니다.,"{""capability_awareness"": ""clear"", ""error_awareness"": ""clear"", ""system_limit_awareness"": ""clear""}",False
T1-03-S0,T1-03,TECH_FOUNDATION,문서분석,0,설명이 자연스러우니 표 숫자가 달라도 AI 요약을 믿겠습니다.,"{""capability_awareness"": ""absent"", ""error_awareness"": ""absent"", ""system_limit_awareness"": ""absent""}",False
T1-03-S1,T1-03,TECH_FOUNDATION,문서분석,1,AI가 표를 잘못 읽을 수도 있으니 조심해야 합니다.,"{""capability_awareness"": ""partial"", ""error_awareness"": ""clear"", ""system_limit_awareness"": ""partial""}",False
T1-03-S2,T1-03,TECH_FOUNDATION,문서분석,2,AI가 표와 그래프를 텍스트보다 부정확하게 해석할 수 있으니 핵심 수치는 원문과 직접 대조해야 합니다.,"{""capability_awareness"": ""clear"", ""error_awareness"": ""clear"", ""system_limit_awareness"": ""clear""}",False
T1-03-S3,T1-03,TECH_FOUNDATION,문서분석,3,AI는 본문 요약에는 유용하지만 이미지형 표나 복잡한 그래프는 오독할 수 있으므로 작업별 강점과 한계를 구분하고 결론에 중요한 수치는 원문 표·그래프와 직접 대조해야 합니다.,"{""capability_awareness"": ""clear"", ""error_awareness"": ""clear"", ""system_limit_awareness"": ""clear""}",False
T2-01-S0,T2-01,TECH_USE,여행,0,AI에게 여행 일정 짜줘라고 하고 나온 대로 가겠습니다.,"{""tool_selection"": ""absent"", ""prompt_quality"": ""absent"", ""iterative_refinement"": ""absent""}",False
T2-01-S1,T2-01,TECH_USE,여행,1,여행 지역과 날짜를 알려주고 일정을 만들어달라고 하겠습니다.,"{""tool_selection"": ""absent"", ""prompt_quality"": ""partial"", ""iterative_refinement"": ""absent""}",False
T2-01-S2,T2-01,TECH_USE,여행,2,"지도나 검색이 가능한 AI를 쓰고 날짜, 숙소, 이동수단, 선호 활동을 알려준 뒤 이동시간이 짧은 일정을 요청하고 마음에 안 드는 날을 다시 짜달라고 하겠습니다.","{""tool_selection"": ""clear"", ""prompt_quality"": ""clear"", ""iterative_refinement"": ""clear""}",False
T2-01-S3,T2-01,TECH_USE,여행,3,최신 영업시간과 동선이 중요하므로 지도·웹 검색 기능이 있는 AI를 고르고 날짜·숙소·교통·예산·관심 장소·활동량과 이동시간 최소화 우선순위를 제공한 뒤 실제 지도와 공식 정보를 확인하며 반복 수정하겠습니다.,"{""tool_selection"": ""clear"", ""prompt_quality"": ""clear"", ""iterative_refinement"": ""clear""}",False
T2-02-S0,T2-02,TECH_USE,학업,0,논문을 넣고 발표 만들어줘라고 해서 그대로 쓰겠습니다.,"{""tool_selection"": ""absent"", ""prompt_quality"": ""absent"", ""iterative_refinement"": ""absent""}",False
T2-02-S1,T2-02,TECH_USE,학업,1,논문을 넣고 5분 발표용으로 요약해달라고 하겠습니다.,"{""tool_selection"": ""partial"", ""prompt_quality"": ""partial"", ""iterative_refinement"": ""absent""}",False
T2-02-S2,T2-02,TECH_USE,학업,2,"PDF를 읽을 수 있는 AI에 논문을 주고 연구목적, 방법, 결과, 한계를 5분 발표 대본과 슬라이드 구조로 정리해달라고 하고 부족한 부분은 다시 묻겠습니다.","{""tool_selection"": ""clear"", ""prompt_quality"": ""clear"", ""iterative_refinement"": ""partial""}",False
T2-02-S3,T2-02,TECH_USE,학업,3,"PDF와 표·그림을 다룰 수 있는 AI를 고르고 발표 대상, 5분 제한, 반드시 포함할 항목과 출력 형식을 명시한 뒤 원문과 비교해 잘못 해석하거나 긴 부분만 다시 수정 요청하겠습니다.","{""tool_selection"": ""clear"", ""prompt_quality"": ""clear"", ""iterative_refinement"": ""clear""}",False
T2-03-S0,T2-03,TECH_USE,코딩,0,AI에게 코드 안 돼 고쳐줘라고 하고 첫 답을 복사하겠습니다.,"{""tool_selection"": ""absent"", ""prompt_quality"": ""absent"", ""iterative_refinement"": ""absent""}",False
T2-03-S1,T2-03,TECH_USE,코딩,1,코드와 에러 메시지를 보내서 해결해달라고 하겠습니다.,"{""tool_selection"": ""partial"", ""prompt_quality"": ""partial"", ""iterative_refinement"": ""absent""}",False
T2-03-S2,T2-03,TECH_USE,코딩,2,"코딩에 적합한 AI에 최소 재현 코드, 에러 메시지, Python 버전과 기대 결과를 주고 수정안을 요청한 뒤 안 되면 새 오류를 다시 보내겠습니다.","{""tool_selection"": ""clear"", ""prompt_quality"": ""clear"", ""iterative_refinement"": ""clear""}",False
T2-03-S3,T2-03,TECH_USE,코딩,3,"코드 분석 기능이 있는 AI에 최소 재현 코드, traceback, Python·라이브러리 버전, 기대 결과와 이미 시도한 방법을 주고 원인 가설과 최소 수정안을 받아 직접 실행한 뒤 새 로그를 제공하며 단계적으로 좁히겠습니다.","{""tool_selection"": ""clear"", ""prompt_quality"": ""clear"", ""iterative_refinement"": ""clear""}",False
